{
  "trade_count": 106.0,
  "trades_per_day": 0.8548387096774194,
  "exposure": 0.24644097222222222,
  "net_return_pct": 0.049138113534374694,
  "max_drawdown_pct": -0.12303328622080845,
  "sharpe": 0.6230292765523513,
  "win_rate": 0.5094339622641509,
  "profit_factor": 1.0962472384447421
}