{
  "trade_count": 5.0,
  "trades_per_day": 0.7142857142857143,
  "exposure": 0.09375,
  "net_return_pct": -0.006968390696525328,
  "max_drawdown_pct": -0.024302686236676307,
  "sharpe": -1.8585273432787384,
  "win_rate": NaN,
  "profit_factor": NaN
}