{
  "trade_count": 133.0,
  "trades_per_day": 1.1083333333333334,
  "exposure": 0.4877729257641921,
  "net_return_pct": 0.05294894975619546,
  "max_drawdown_pct": -0.11969736908724926,
  "sharpe": 0.6787317729264074,
  "win_rate": 0.5263157894736842,
  "profit_factor": 1.0938300072432208
}