trade_count,trades_per_day,win_rate,profit_factor,net_return_pct,max_drawdown_pct,sharpe,exposure,label
122.0,1.0166666666666666,0.5655737704918032,1.2460086866401547,0.13321505966638303,-0.07795103544832727,1.5708020094848132,0.4273362445414847,relaxed_cooldown
133.0,1.1083333333333334,0.5263157894736842,1.0938300072432208,0.05294894975619546,-0.11969736908724926,0.6787317729264074,0.4877729257641921,aggressive_research
