trade_count,trades_per_day,win_rate,profit_factor,net_return_pct,max_drawdown_pct,sharpe,exposure,label
63.0,0.525,0.3968253968253968,0.576739055646195,-0.15813117795837117,-0.1683839649577933,-3.033058909284886,0.14273296244784422,relaxed_cooldown
63.0,0.525,0.3968253968253968,0.576739055646195,-0.15813117795837117,-0.1683839649577933,-3.033058909284886,0.14273296244784422,aggressive_research
