trade_count,trades_per_day,win_rate,profit_factor,net_return_pct,max_drawdown_pct,sharpe,exposure,label
106.0,0.8548387096774194,0.5,1.0328675513032293,0.011428074686180123,-0.13755404232675594,0.2207133699166861,0.24487847222222223,relaxed_cooldown
106.0,0.8548387096774194,0.5094339622641509,1.0962472384447421,0.049138113534374694,-0.12303328622080845,0.6230292765523513,0.24644097222222222,aggressive_research
