trade_count,trades_per_day,win_rate,profit_factor,net_return_pct,max_drawdown_pct,sharpe,exposure,label
5.0,0.7142857142857143,,,-0.006968390696525328,-0.024302686236676307,-1.8585273432787384,0.09375,relaxed_cooldown
5.0,0.7142857142857143,,,-0.006968390696525328,-0.024302686236676307,-1.8585273432787384,0.09375,aggressive_research
