trade_count,trades_per_day,win_rate,profit_factor,net_return_pct,max_drawdown_pct,sharpe,exposure,label
46.0,1.15,0.4782608695652174,1.087876737989646,0.021019914954877095,-0.0583998987307891,0.7020917868597274,0.071765322158198,relaxed_cooldown
47.0,1.175,0.48936170212765956,1.1647497457525895,0.04309729182765243,-0.0583998987307891,1.278786801465222,0.07543216343635412,aggressive_research
